{"stats":{"minecraft:crafted":{"minecraft:glowstone":12,"minecraft:lapis_lazuli":12,"minecraft:experience_bottle":12,"minecraft:redstone":24,"minecraft:ender_pearl":12,"minecraft:emerald":49},"minecraft:custom":{"minecraft:jump":47,"minecraft:interact_with_brewingstand":2,"minecraft:time_since_rest":14834,"minecraft:damage_dealt":58,"minecraft:play_time":50792,"minecraft:leave_game":2,"minecraft:sprint_one_cm":15356,"minecraft:walk_one_cm":11423,"minecraft:time_since_death":14800,"minecraft:deaths":1,"minecraft:sneak_time":151,"minecraft:traded_with_villager":109,"minecraft:total_world_time":50792,"minecraft:talked_to_villager":17,"minecraft:fly_one_cm":76334},"minecraft:used":{"minecraft:grass_block":2}},"DataVersion":3463}