{"stats":{"minecraft:crafted":{"minecraft:redstone":24,"minecraft:emerald":49,"minecraft:experience_bottle":12,"minecraft:ender_pearl":12,"minecraft:glowstone":12,"minecraft:lapis_lazuli":12},"minecraft:used":{"minecraft:crimson_hanging_sign":13,"minecraft:gray_terracotta":38,"minecraft:lever":1,"minecraft:water_bucket":2,"minecraft:netherite_sword":13,"minecraft:blue_terracotta":112,"minecraft:black_concrete":71,"minecraft:firework_rocket":1,"minecraft:crying_obsidian":4,"minecraft:flint_and_steel":15,"minecraft:light_gray_concrete":268,"minecraft:command_block":11,"minecraft:lantern":23,"minecraft:grass_block":37,"minecraft:ladder":5,"minecraft:redstone":73,"minecraft:oak_button":17,"minecraft:barrier":10,"minecraft:stone_button":9,"minecraft:light_blue_terracotta":107,"minecraft:red_terracotta":17,"minecraft:creeper_head":3,"minecraft:glow_ink_sac":7,"minecraft:grass":1,"minecraft:deepslate_bricks":1,"minecraft:birch_button":7,"minecraft:dirt":4,"minecraft:soul_sand":10,"minecraft:potion":1,"minecraft:note_block":10,"minecraft:polished_blackstone_button":12,"minecraft:dragon_head":4,"minecraft:piglin_head":2,"minecraft:obsidian":9},"minecraft:picked_up":{"minecraft:azure_bluet":1,"minecraft:cooked_porkchop":1,"minecraft:potato":3,"minecraft:birch_button":1,"minecraft:carrot":2,"minecraft:gunpowder":2,"minecraft:wheat_seeds":4,"minecraft:oak_button":6,"minecraft:mutton":5,"minecraft:white_wool":3},"minecraft:custom":{"minecraft:time_since_rest":5710,"minecraft:interact_with_smithing_table":1,"minecraft:sprint_one_cm":191587,"minecraft:walk_one_cm":151396,"minecraft:mob_kills":6,"minecraft:damage_dealt":1068,"minecraft:traded_with_villager":109,"minecraft:talked_to_villager":18,"minecraft:swim_one_cm":5983,"minecraft:tune_noteblock":59,"minecraft:fly_one_cm":402228,"minecraft:player_kills":1,"minecraft:open_chest":1,"minecraft:crouch_one_cm":2267,"minecraft:play_time":152180,"minecraft:deaths":2,"minecraft:sneak_time":2147,"minecraft:walk_under_water_one_cm":11919,"minecraft:jump":560,"minecraft:interact_with_brewingstand":2,"minecraft:leave_game":6,"minecraft:time_since_death":5690,"minecraft:walk_on_water_one_cm":6972,"minecraft:climb_one_cm":4651,"minecraft:total_world_time":152180,"minecraft:fall_one_cm":476},"minecraft:killed":{"minecraft:sheep":4,"minecraft:pig":1,"minecraft:creeper":1}},"DataVersion":3463}