{"stats":{"minecraft:custom":{"minecraft:time_since_rest":20834,"minecraft:crouch_one_cm":219,"minecraft:play_time":56792,"minecraft:sprint_one_cm":39630,"minecraft:deaths":1,"minecraft:walk_one_cm":18952,"minecraft:sneak_time":194,"minecraft:jump":154,"minecraft:interact_with_brewingstand":2,"minecraft:damage_dealt":68,"minecraft:leave_game":2,"minecraft:time_since_death":20800,"minecraft:traded_with_villager":109,"minecraft:total_world_time":56792,"minecraft:tune_noteblock":2,"minecraft:talked_to_villager":18,"minecraft:fly_one_cm":146146},"minecraft:crafted":{"minecraft:redstone":24,"minecraft:emerald":49,"minecraft:glowstone":12,"minecraft:experience_bottle":12,"minecraft:lapis_lazuli":12,"minecraft:ender_pearl":12},"minecraft:used":{"minecraft:black_concrete":13,"minecraft:grass_block":2,"minecraft:creeper_head":1,"minecraft:note_block":1,"minecraft:dragon_head":1}},"DataVersion":3463}