{"stats":{"minecraft:crafted":{"minecraft:redstone":24,"minecraft:emerald":49,"minecraft:experience_bottle":12,"minecraft:glowstone":12,"minecraft:ender_pearl":12,"minecraft:lapis_lazuli":12},"minecraft:used":{"minecraft:crimson_hanging_sign":13,"minecraft:water_bucket":2,"minecraft:netherite_sword":31,"minecraft:blue_terracotta":112,"minecraft:flint_and_steel":15,"minecraft:redstone":73,"minecraft:netherite_chestplate":1,"minecraft:ladder":5,"minecraft:light_blue_terracotta":107,"minecraft:creeper_head":3,"minecraft:grass":1,"minecraft:glow_ink_sac":7,"minecraft:deepslate_bricks":1,"minecraft:soul_sand":10,"minecraft:dirt":4,"minecraft:ancient_debris":1,"minecraft:netherite_leggings":1,"minecraft:netherite_helmet":1,"minecraft:note_block":10,"minecraft:piglin_head":2,"minecraft:obsidian":9,"minecraft:gray_terracotta":38,"minecraft:lever":1,"minecraft:black_concrete":84,"minecraft:firework_rocket":1,"minecraft:crying_obsidian":4,"minecraft:command_block":11,"minecraft:light_gray_concrete":268,"minecraft:grass_block":37,"minecraft:lantern":23,"minecraft:barrier":10,"minecraft:oak_button":17,"minecraft:suspicious_stew":1,"minecraft:stone_button":9,"minecraft:red_terracotta":17,"minecraft:netherite_boots":1,"minecraft:birch_button":7,"minecraft:fire_charge":3,"minecraft:golden_carrot":1,"minecraft:potion":1,"minecraft:turtle_helmet":1,"minecraft:piglin_spawn_egg":13,"minecraft:polished_blackstone_button":12,"minecraft:dragon_head":4,"minecraft:zombified_piglin_spawn_egg":6,"minecraft:splash_potion":62},"minecraft:picked_up":{"minecraft:azure_bluet":1,"minecraft:salmon":3,"minecraft:leather":2,"minecraft:potato":3,"minecraft:birch_button":1,"minecraft:gunpowder":2,"minecraft:wheat_seeds":4,"minecraft:gold_nugget":1,"minecraft:cooked_porkchop":1,"minecraft:carrot":2,"minecraft:rotten_flesh":3,"minecraft:gray_wool":1,"minecraft:oak_button":6,"minecraft:mutton":6,"minecraft:white_wool":3},"minecraft:custom":{"minecraft:interact_with_smithing_table":1,"minecraft:mob_kills":41,"minecraft:traded_with_villager":109,"minecraft:tune_noteblock":59,"minecraft:leave_game":7,"minecraft:time_since_death":2158,"minecraft:sleep_in_bed":1,"minecraft:climb_one_cm":6573,"minecraft:time_since_rest":1850,"minecraft:sprint_one_cm":217949,"minecraft:damage_taken":230,"minecraft:walk_one_cm":172619,"minecraft:damage_dealt":2217,"minecraft:swim_one_cm":14608,"minecraft:talked_to_villager":18,"minecraft:fly_one_cm":575037,"minecraft:player_kills":1,"minecraft:open_chest":3,"minecraft:crouch_one_cm":2853,"minecraft:play_time":172246,"minecraft:deaths":3,"minecraft:sneak_time":2646,"minecraft:walk_under_water_one_cm":22575,"minecraft:jump":658,"minecraft:interact_with_brewingstand":2,"minecraft:walk_on_water_one_cm":9182,"minecraft:total_world_time":172246,"minecraft:fall_one_cm":2245},"minecraft:killed":{"minecraft:pig":1,"minecraft:zombified_piglin":4,"minecraft:salmon":3,"minecraft:creeper":1,"minecraft:sheep":5,"minecraft:donkey":1}},"DataVersion":3463}