{"stats":{"minecraft:picked_up":{"minecraft:heavy_weighted_pressure_plate":1,"minecraft:wheat_seeds":1,"minecraft:iron_ingot":5,"minecraft:poppy":1},"minecraft:killed":{"minecraft:iron_golem":1,"minecraft:villager":1},"minecraft:used":{"minecraft:spider_spawn_egg":1,"minecraft:lever":9,"minecraft:water_bucket":8,"minecraft:netherite_sword":17,"minecraft:cow_spawn_egg":10,"minecraft:dirt_path":55,"minecraft:villager_spawn_egg":4,"minecraft:command_block":11,"minecraft:heavy_weighted_pressure_plate":8,"minecraft:lantern":3,"minecraft:grass_block":170,"minecraft:barrier":2,"minecraft:map":1,"minecraft:stone":35,"minecraft:glow_ink_sac":4,"minecraft:stone_bricks":21,"minecraft:torch":5,"minecraft:magma_block":3,"minecraft:soul_sand":5,"minecraft:dirt":45,"minecraft:cobblestone":4,"minecraft:hay_block":3,"minecraft:andesite":1,"minecraft:white_bed":1,"minecraft:oak_hanging_sign":7},"minecraft:custom":{"minecraft:time_since_rest":155215,"minecraft:walk_one_cm":120601,"minecraft:sprint_one_cm":176927,"minecraft:damage_taken":20,"minecraft:mob_kills":2,"minecraft:damage_dealt":1219,"minecraft:swim_one_cm":14850,"minecraft:talked_to_villager":4,"minecraft:fly_one_cm":391020,"minecraft:crouch_one_cm":806,"minecraft:play_time":188370,"minecraft:deaths":2,"minecraft:sneak_time":1526,"minecraft:walk_under_water_one_cm":17194,"minecraft:jump":395,"minecraft:leave_game":29,"minecraft:time_since_death":155185,"minecraft:walk_on_water_one_cm":2642,"minecraft:total_world_time":188370}},"DataVersion":3953}