{"stats":{"minecraft:killed":{"minecraft:iron_golem":1,"minecraft:villager":1},"minecraft:picked_up":{"minecraft:iron_ingot":5,"minecraft:poppy":1,"minecraft:heavy_weighted_pressure_plate":1},"minecraft:custom":{"minecraft:time_since_rest":31282,"minecraft:crouch_one_cm":683,"minecraft:play_time":64437,"minecraft:sprint_one_cm":49151,"minecraft:deaths":2,"minecraft:damage_taken":20,"minecraft:walk_one_cm":65770,"minecraft:sneak_time":1215,"minecraft:walk_under_water_one_cm":14435,"minecraft:mob_kills":2,"minecraft:jump":230,"minecraft:damage_dealt":1219,"minecraft:leave_game":17,"minecraft:walk_on_water_one_cm":1055,"minecraft:time_since_death":31252,"minecraft:total_world_time":64437,"minecraft:swim_one_cm":12038,"minecraft:talked_to_villager":4,"minecraft:fly_one_cm":358298},"minecraft:used":{"minecraft:spider_spawn_egg":1,"minecraft:stone_bricks":21,"minecraft:netherite_sword":17,"minecraft:water_bucket":8,"minecraft:lever":9,"minecraft:dirt":21,"minecraft:cow_spawn_egg":10,"minecraft:soul_sand":5,"minecraft:magma_block":3,"minecraft:villager_spawn_egg":4,"minecraft:command_block":11,"minecraft:heavy_weighted_pressure_plate":8,"minecraft:lantern":3,"minecraft:grass_block":164,"minecraft:barrier":2,"minecraft:andesite":1,"minecraft:map":1,"minecraft:white_bed":1,"minecraft:stone":34,"minecraft:oak_hanging_sign":7,"minecraft:glow_ink_sac":4}},"DataVersion":3953}