{"stats":{"minecraft:custom":{"minecraft:time_since_rest":85316,"minecraft:sprint_one_cm":129696,"minecraft:walk_one_cm":111502,"minecraft:mob_kills":3,"minecraft:damage_dealt":428,"minecraft:traded_with_villager":109,"minecraft:fly_one_cm":233851,"minecraft:tune_noteblock":59,"minecraft:swim_one_cm":4119,"minecraft:talked_to_villager":18,"minecraft:open_chest":1,"minecraft:crouch_one_cm":649,"minecraft:play_time":121274,"minecraft:deaths":1,"minecraft:sneak_time":1012,"minecraft:walk_under_water_one_cm":9234,"minecraft:jump":319,"minecraft:interact_with_brewingstand":2,"minecraft:leave_game":4,"minecraft:time_since_death":85282,"minecraft:walk_on_water_one_cm":6280,"minecraft:total_world_time":121274,"minecraft:climb_one_cm":3309},"minecraft:crafted":{"minecraft:redstone":24,"minecraft:emerald":49,"minecraft:experience_bottle":12,"minecraft:ender_pearl":12,"minecraft:glowstone":12,"minecraft:lapis_lazuli":12},"minecraft:picked_up":{"minecraft:azure_bluet":1,"minecraft:birch_button":1,"minecraft:gunpowder":2,"minecraft:oak_button":6,"minecraft:mutton":3,"minecraft:white_wool":2},"minecraft:used":{"minecraft:crimson_hanging_sign":12,"minecraft:lever":1,"minecraft:water_bucket":2,"minecraft:netherite_sword":6,"minecraft:blue_terracotta":112,"minecraft:black_concrete":62,"minecraft:crying_obsidian":4,"minecraft:flint_and_steel":14,"minecraft:command_block":10,"minecraft:light_gray_concrete":196,"minecraft:lantern":19,"minecraft:grass_block":37,"minecraft:redstone":73,"minecraft:ladder":5,"minecraft:oak_button":17,"minecraft:barrier":10,"minecraft:stone_button":8,"minecraft:light_blue_terracotta":103,"minecraft:creeper_head":3,"minecraft:glow_ink_sac":6,"minecraft:grass":1,"minecraft:birch_button":7,"minecraft:soul_sand":10,"minecraft:dirt":4,"minecraft:polished_blackstone_button":12,"minecraft:note_block":10,"minecraft:dragon_head":4,"minecraft:piglin_head":2,"minecraft:obsidian":9},"minecraft:killed":{"minecraft:sheep":2,"minecraft:creeper":1}},"DataVersion":3463}