{"stats":{"minecraft:used":{"minecraft:spider_spawn_egg":1,"minecraft:stone_bricks":21,"minecraft:netherite_sword":17,"minecraft:water_bucket":8,"minecraft:lever":9,"minecraft:soul_sand":5,"minecraft:cow_spawn_egg":10,"minecraft:dirt":21,"minecraft:magma_block":3,"minecraft:villager_spawn_egg":4,"minecraft:command_block":11,"minecraft:heavy_weighted_pressure_plate":8,"minecraft:lantern":3,"minecraft:grass_block":165,"minecraft:barrier":2,"minecraft:andesite":1,"minecraft:map":1,"minecraft:white_bed":1,"minecraft:stone":34,"minecraft:oak_hanging_sign":7,"minecraft:glow_ink_sac":4},"minecraft:picked_up":{"minecraft:iron_ingot":5,"minecraft:poppy":1,"minecraft:heavy_weighted_pressure_plate":1},"minecraft:killed":{"minecraft:iron_golem":1,"minecraft:villager":1},"minecraft:custom":{"minecraft:time_since_rest":112738,"minecraft:crouch_one_cm":737,"minecraft:play_time":145893,"minecraft:sprint_one_cm":122745,"minecraft:deaths":2,"minecraft:damage_taken":20,"minecraft:walk_one_cm":90546,"minecraft:sneak_time":1248,"minecraft:walk_under_water_one_cm":16647,"minecraft:mob_kills":2,"minecraft:jump":299,"minecraft:damage_dealt":1219,"minecraft:leave_game":24,"minecraft:walk_on_water_one_cm":1826,"minecraft:time_since_death":112708,"minecraft:total_world_time":145893,"minecraft:swim_one_cm":14803,"minecraft:talked_to_villager":4,"minecraft:fly_one_cm":378102}},"DataVersion":3953}