{"stats":{"minecraft:picked_up":{"minecraft:azure_bluet":1,"minecraft:birch_button":1,"minecraft:oak_button":6,"minecraft:mutton":3,"minecraft:white_wool":2},"minecraft:custom":{"minecraft:time_since_rest":79316,"minecraft:sprint_one_cm":99990,"minecraft:walk_one_cm":102502,"minecraft:mob_kills":2,"minecraft:damage_dealt":228,"minecraft:traded_with_villager":109,"minecraft:swim_one_cm":3135,"minecraft:fly_one_cm":191254,"minecraft:tune_noteblock":59,"minecraft:talked_to_villager":18,"minecraft:crouch_one_cm":649,"minecraft:play_time":115274,"minecraft:deaths":1,"minecraft:sneak_time":839,"minecraft:walk_under_water_one_cm":7745,"minecraft:jump":248,"minecraft:interact_with_brewingstand":2,"minecraft:leave_game":4,"minecraft:time_since_death":79282,"minecraft:walk_on_water_one_cm":5505,"minecraft:climb_one_cm":2021,"minecraft:total_world_time":115274},"minecraft:crafted":{"minecraft:redstone":24,"minecraft:emerald":49,"minecraft:experience_bottle":12,"minecraft:ender_pearl":12,"minecraft:glowstone":12,"minecraft:lapis_lazuli":12},"minecraft:killed":{"minecraft:sheep":2},"minecraft:used":{"minecraft:crimson_hanging_sign":12,"minecraft:lever":1,"minecraft:water_bucket":2,"minecraft:netherite_sword":3,"minecraft:blue_terracotta":112,"minecraft:black_concrete":62,"minecraft:command_block":10,"minecraft:light_gray_concrete":196,"minecraft:lantern":19,"minecraft:grass_block":37,"minecraft:stone_button":8,"minecraft:oak_button":17,"minecraft:redstone":73,"minecraft:barrier":10,"minecraft:ladder":5,"minecraft:light_blue_terracotta":103,"minecraft:creeper_head":3,"minecraft:glow_ink_sac":6,"minecraft:grass":1,"minecraft:birch_button":7,"minecraft:dirt":4,"minecraft:soul_sand":10,"minecraft:polished_blackstone_button":12,"minecraft:note_block":10,"minecraft:dragon_head":4,"minecraft:piglin_head":2}},"DataVersion":3463}