{"stats":{"minecraft:custom":{"minecraft:time_since_rest":138008,"minecraft:walk_one_cm":115409,"minecraft:sprint_one_cm":174557,"minecraft:damage_taken":20,"minecraft:mob_kills":2,"minecraft:damage_dealt":1219,"minecraft:swim_one_cm":14803,"minecraft:talked_to_villager":4,"minecraft:fly_one_cm":388846,"minecraft:crouch_one_cm":806,"minecraft:play_time":171163,"minecraft:deaths":2,"minecraft:sneak_time":1522,"minecraft:walk_under_water_one_cm":17143,"minecraft:jump":391,"minecraft:leave_game":27,"minecraft:time_since_death":137978,"minecraft:walk_on_water_one_cm":2559,"minecraft:total_world_time":171163},"minecraft:killed":{"minecraft:iron_golem":1,"minecraft:villager":1},"minecraft:used":{"minecraft:spider_spawn_egg":1,"minecraft:lever":9,"minecraft:water_bucket":8,"minecraft:netherite_sword":17,"minecraft:cow_spawn_egg":10,"minecraft:dirt_path":55,"minecraft:villager_spawn_egg":4,"minecraft:command_block":11,"minecraft:heavy_weighted_pressure_plate":8,"minecraft:lantern":3,"minecraft:grass_block":170,"minecraft:barrier":2,"minecraft:map":1,"minecraft:stone":35,"minecraft:glow_ink_sac":4,"minecraft:stone_bricks":21,"minecraft:torch":5,"minecraft:magma_block":3,"minecraft:soul_sand":5,"minecraft:dirt":45,"minecraft:cobblestone":4,"minecraft:hay_block":3,"minecraft:andesite":1,"minecraft:white_bed":1,"minecraft:oak_hanging_sign":7},"minecraft:picked_up":{"minecraft:heavy_weighted_pressure_plate":1,"minecraft:wheat_seeds":1,"minecraft:iron_ingot":5,"minecraft:poppy":1}},"DataVersion":3953}