{"stats":{"minecraft:picked_up":{"minecraft:azure_bluet":1,"minecraft:mutton":3,"minecraft:white_wool":2},"minecraft:custom":{"minecraft:time_since_rest":35332,"minecraft:crouch_one_cm":246,"minecraft:play_time":71290,"minecraft:sprint_one_cm":61558,"minecraft:deaths":1,"minecraft:walk_one_cm":55779,"minecraft:sneak_time":267,"minecraft:mob_kills":2,"minecraft:jump":198,"minecraft:interact_with_brewingstand":2,"minecraft:damage_dealt":228,"minecraft:leave_game":3,"minecraft:time_since_death":35298,"minecraft:traded_with_villager":109,"minecraft:total_world_time":71290,"minecraft:tune_noteblock":35,"minecraft:talked_to_villager":18,"minecraft:fly_one_cm":153170},"minecraft:crafted":{"minecraft:redstone":24,"minecraft:emerald":49,"minecraft:glowstone":12,"minecraft:experience_bottle":12,"minecraft:lapis_lazuli":12,"minecraft:ender_pearl":12},"minecraft:killed":{"minecraft:sheep":2},"minecraft:used":{"minecraft:netherite_sword":3,"minecraft:blue_terracotta":109,"minecraft:black_concrete":62,"minecraft:dirt":4,"minecraft:command_block":2,"minecraft:light_gray_concrete":194,"minecraft:lantern":17,"minecraft:grass_block":25,"minecraft:light_blue_terracotta":103,"minecraft:polished_blackstone_button":4,"minecraft:creeper_head":1,"minecraft:note_block":8,"minecraft:dragon_head":3,"minecraft:piglin_head":2,"minecraft:grass":1}},"DataVersion":3463}