{"stats":{"minecraft:crafted":{"minecraft:redstone":24,"minecraft:emerald":49,"minecraft:experience_bottle":12,"minecraft:ender_pearl":12,"minecraft:glowstone":12,"minecraft:lapis_lazuli":12},"minecraft:used":{"minecraft:crimson_hanging_sign":13,"minecraft:suspicious_stew":1,"minecraft:gray_terracotta":38,"minecraft:lever":1,"minecraft:water_bucket":2,"minecraft:netherite_sword":19,"minecraft:blue_terracotta":112,"minecraft:black_concrete":84,"minecraft:firework_rocket":1,"minecraft:crying_obsidian":4,"minecraft:flint_and_steel":15,"minecraft:light_gray_concrete":268,"minecraft:command_block":11,"minecraft:lantern":23,"minecraft:grass_block":37,"minecraft:ladder":5,"minecraft:redstone":73,"minecraft:oak_button":17,"minecraft:barrier":10,"minecraft:stone_button":9,"minecraft:light_blue_terracotta":107,"minecraft:red_terracotta":17,"minecraft:creeper_head":3,"minecraft:glow_ink_sac":7,"minecraft:grass":1,"minecraft:deepslate_bricks":1,"minecraft:birch_button":7,"minecraft:fire_charge":3,"minecraft:dirt":4,"minecraft:soul_sand":10,"minecraft:golden_carrot":1,"minecraft:potion":1,"minecraft:turtle_helmet":1,"minecraft:note_block":10,"minecraft:polished_blackstone_button":12,"minecraft:dragon_head":4,"minecraft:piglin_head":2,"minecraft:obsidian":9},"minecraft:picked_up":{"minecraft:azure_bluet":1,"minecraft:cooked_porkchop":1,"minecraft:salmon":3,"minecraft:leather":2,"minecraft:potato":3,"minecraft:birch_button":1,"minecraft:carrot":2,"minecraft:gunpowder":2,"minecraft:wheat_seeds":4,"minecraft:gray_wool":1,"minecraft:oak_button":6,"minecraft:mutton":6,"minecraft:white_wool":3},"minecraft:custom":{"minecraft:time_since_rest":17710,"minecraft:interact_with_smithing_table":1,"minecraft:sprint_one_cm":217216,"minecraft:walk_one_cm":164717,"minecraft:mob_kills":11,"minecraft:damage_dealt":1438,"minecraft:traded_with_villager":109,"minecraft:talked_to_villager":18,"minecraft:swim_one_cm":14608,"minecraft:tune_noteblock":59,"minecraft:fly_one_cm":482597,"minecraft:player_kills":1,"minecraft:open_chest":3,"minecraft:crouch_one_cm":2716,"minecraft:play_time":164180,"minecraft:deaths":2,"minecraft:sneak_time":2356,"minecraft:walk_under_water_one_cm":22575,"minecraft:jump":639,"minecraft:interact_with_brewingstand":2,"minecraft:leave_game":6,"minecraft:time_since_death":17690,"minecraft:walk_on_water_one_cm":9182,"minecraft:climb_one_cm":6573,"minecraft:total_world_time":164180,"minecraft:fall_one_cm":476},"minecraft:killed":{"minecraft:sheep":5,"minecraft:donkey":1,"minecraft:pig":1,"minecraft:salmon":3,"minecraft:creeper":1}},"DataVersion":3463}