{"stats":{"minecraft:custom":{"minecraft:interact_with_smithing_table":1,"minecraft:interact_with_furnace":1,"minecraft:mob_kills":63,"minecraft:interact_with_anvil":3,"minecraft:traded_with_villager":109,"minecraft:interact_with_crafting_table":2,"minecraft:tune_noteblock":82,"minecraft:leave_game":15,"minecraft:time_since_death":2500,"minecraft:sleep_in_bed":4,"minecraft:climb_one_cm":10397,"minecraft:damage_resisted":100,"minecraft:time_since_rest":2520,"minecraft:damage_absorbed":410,"minecraft:sprint_one_cm":325755,"minecraft:open_enderchest":1,"minecraft:damage_taken":844,"minecraft:walk_one_cm":319728,"minecraft:drop":19,"minecraft:damage_dealt":6760,"minecraft:damage_dealt_absorbed":3,"minecraft:swim_one_cm":16762,"minecraft:talked_to_villager":18,"minecraft:fly_one_cm":1823358,"minecraft:player_kills":3,"minecraft:open_chest":8,"minecraft:crouch_one_cm":7096,"minecraft:play_time":294787,"minecraft:deaths":6,"minecraft:sneak_time":8105,"minecraft:walk_under_water_one_cm":43229,"minecraft:jump":1299,"minecraft:interact_with_brewingstand":5,"minecraft:walk_on_water_one_cm":23963,"minecraft:total_world_time":294787,"minecraft:fall_one_cm":11670},"minecraft:dropped":{"minecraft:water_bucket":1,"minecraft:creeper_head":1,"minecraft:netherite_pickaxe":1,"minecraft:ender_pearl":1,"minecraft:netherite_chestplate":2,"minecraft:netherite_sword":1,"minecraft:netherite_helmet":1,"minecraft:netherite_axe":1,"minecraft:enchanted_golden_apple":64,"minecraft:elytra":3,"minecraft:shulker_shell":1,"minecraft:torch":64,"minecraft:spider_eye":1,"minecraft:arrow":128,"minecraft:splash_potion":1},"minecraft:mined":{"minecraft:oak_log":4},"minecraft:used":{"minecraft:crimson_hanging_sign":13,"minecraft:water_bucket":3,"minecraft:netherite_sword":110,"minecraft:blue_terracotta":112,"minecraft:end_stone_bricks":1,"minecraft:flint_and_steel":16,"minecraft:ladder":5,"minecraft:redstone":73,"minecraft:netherite_chestplate":2,"minecraft:oak_planks":3,"minecraft:light_blue_terracotta":107,"minecraft:creeper_head":8,"minecraft:magenta_stained_glass":7,"minecraft:player_head":1,"minecraft:glow_ink_sac":7,"minecraft:grass":1,"minecraft:horse_spawn_egg":6,"minecraft:deepslate_bricks":1,"minecraft:dragon_egg":1,"minecraft:dirt":83,"minecraft:soul_sand":10,"minecraft:anvil":2,"minecraft:ancient_debris":1,"minecraft:skeleton_spawn_egg":6,"minecraft:netherite_leggings":2,"minecraft:red_bed":451,"minecraft:netherite_helmet":2,"minecraft:deepslate_redstone_ore":12,"minecraft:painting":11,"minecraft:white_bed":539,"minecraft:shulker_spawn_egg":1,"minecraft:note_block":16,"minecraft:skeleton_horse_spawn_egg":3,"minecraft:piglin_head":3,"minecraft:obsidian":140,"minecraft:warden_spawn_egg":3,"minecraft:creeper_spawn_egg":49,"minecraft:lever":1,"minecraft:gray_terracotta":38,"minecraft:ender_eye":66,"minecraft:black_concrete":84,"minecraft:firework_rocket":1,"minecraft:crying_obsidian":4,"minecraft:command_block":11,"minecraft:light_gray_concrete":268,"minecraft:zombie_head":2,"minecraft:lantern":23,"minecraft:grass_block":37,"minecraft:stone_button":9,"minecraft:oak_button":17,"minecraft:barrier":10,"minecraft:pig_spawn_egg":3,"minecraft:suspicious_stew":1,"minecraft:netherite_axe":7,"minecraft:red_terracotta":19,"minecraft:piglin_brute_spawn_egg":11,"minecraft:bedrock":17,"minecraft:netherite_boots":2,"minecraft:birch_button":7,"minecraft:fire_charge":3,"minecraft:bow":23,"minecraft:golden_carrot":1,"minecraft:potion":3,"minecraft:hay_block":8,"minecraft:end_crystal":46,"minecraft:turtle_helmet":1,"minecraft:bucket":1,"minecraft:piglin_spawn_egg":13,"minecraft:yellow_bed":1,"minecraft:end_portal_frame":104,"minecraft:polished_blackstone_button":12,"minecraft:zombified_piglin_spawn_egg":6,"minecraft:dragon_head":6,"minecraft:enchanted_golden_apple":8,"minecraft:splash_potion":92},"minecraft:picked_up":{"minecraft:shulker_shell":1,"minecraft:azure_bluet":1,"minecraft:splash_potion":1,"minecraft:creeper_head":4,"minecraft:salmon":3,"minecraft:leather":5,"minecraft:potato":3,"minecraft:birch_button":1,"minecraft:oak_log":25,"minecraft:gunpowder":48,"minecraft:dirt":16,"minecraft:elytra":3,"minecraft:bone":1,"minecraft:wheat_seeds":5,"minecraft:raw_gold":6,"minecraft:gold_nugget":4,"minecraft:cobbled_deepslate":1,"minecraft:oak_boat":1,"minecraft:enchanted_golden_apple":64,"minecraft:sculk_catalyst":1,"minecraft:cooked_porkchop":1,"minecraft:porkchop":8,"minecraft:carrot":2,"minecraft:spider_eye":1,"minecraft:arrow":1,"minecraft:rotten_flesh":3,"minecraft:netherite_helmet":1,"minecraft:granite":5,"minecraft:gray_wool":1,"minecraft:oak_button":6,"minecraft:netherite_chestplate":2,"minecraft:oak_sapling":1,"minecraft:black_wool":1,"minecraft:mutton":9,"minecraft:white_wool":4,"minecraft:cobblestone":19,"minecraft:ender_pearl":1},"minecraft:crafted":{"minecraft:redstone":24,"minecraft:emerald":49,"minecraft:experience_bottle":12,"minecraft:glowstone":12,"minecraft:ender_pearl":12,"minecraft:lapis_lazuli":12},"minecraft:killed":{"minecraft:pig":3,"minecraft:zombified_piglin":5,"minecraft:salmon":3,"minecraft:creeper":3,"minecraft:shulker":3,"minecraft:sheep":7,"minecraft:horse":4,"minecraft:skeleton":1,"minecraft:donkey":1,"minecraft:skeleton_horse":2,"minecraft:enderman":2}},"DataVersion":3463}