{"stats":{"minecraft:custom":{"minecraft:jump":29,"minecraft:time_since_rest":1034,"minecraft:damage_dealt":24,"minecraft:crouch_one_cm":230,"minecraft:leave_game":1,"minecraft:sprint_one_cm":3061,"minecraft:play_time":2239,"minecraft:damage_taken":30,"minecraft:time_since_death":2239,"minecraft:walk_one_cm":2883,"minecraft:sleep_in_bed":1,"minecraft:sneak_time":62,"minecraft:total_world_time":2239,"minecraft:mob_kills":1,"minecraft:fall_one_cm":209,"minecraft:fly_one_cm":3277},"minecraft:mined":{"minecraft:grass":1}},"DataVersion":3463}