{"stats":{"minecraft:killed":{"minecraft:enderman":1},"minecraft:picked_up":{"minecraft:end_stone":1,"minecraft:rotten_flesh":1,"minecraft:diamond":1,"minecraft:crimson_roots":1},"minecraft:dropped":{"minecraft:rotten_flesh":1,"minecraft:gold_ingot":64},"minecraft:mined":{"minecraft:deepslate_diamond_ore":1},"minecraft:custom":{"minecraft:time_since_rest":133775,"minecraft:open_chest":1,"minecraft:crouch_one_cm":261,"minecraft:play_time":133775,"minecraft:sprint_one_cm":38665,"minecraft:damage_taken":10,"minecraft:walk_one_cm":35354,"minecraft:sneak_time":918,"minecraft:walk_under_water_one_cm":2166,"minecraft:mob_kills":1,"minecraft:drop":23,"minecraft:jump":175,"minecraft:damage_dealt":490,"minecraft:leave_game":7,"minecraft:time_since_death":132706,"minecraft:total_world_time":133775,"minecraft:talked_to_villager":2,"minecraft:fall_one_cm":335,"minecraft:fly_one_cm":205680},"minecraft:used":{"minecraft:bedrock":3,"minecraft:netherite_sword":46,"minecraft:deepslate_diamond_ore":1,"minecraft:ender_eye":13,"minecraft:bow":17,"minecraft:potion":3,"minecraft:warped_fungus":1,"minecraft:flint_and_steel":2,"minecraft:oak_stairs":4,"minecraft:grass_block":23,"minecraft:chorus_fruit":10,"minecraft:crossbow":8,"minecraft:netherite_pickaxe":1,"minecraft:piglin_spawn_egg":1,"minecraft:iron_golem_spawn_egg":1,"minecraft:white_bed":19,"minecraft:end_portal_frame":71,"minecraft:end_stone":5,"minecraft:obsidian":39}},"DataVersion":3463}