{"stats":{"minecraft:used":{"minecraft:netherite_chestplate":1,"minecraft:netherite_boots":1,"minecraft:netherite_helmet":1,"minecraft:netherite_leggings":1},"minecraft:custom":{"minecraft:jump":8,"minecraft:time_since_rest":1413,"minecraft:leave_game":1,"minecraft:crouch_one_cm":50,"minecraft:sprint_one_cm":1295,"minecraft:play_time":1413,"minecraft:time_since_death":1413,"minecraft:walk_one_cm":1853,"minecraft:sneak_time":56,"minecraft:total_world_time":1413,"minecraft:fly_one_cm":14371}},"DataVersion":3463}