{"stats":{"minecraft:used":{"minecraft:netherite_chestplate":1,"minecraft:netherite_boots":1,"minecraft:netherite_helmet":1,"minecraft:netherite_leggings":1},"minecraft:custom":{"minecraft:jump":25,"minecraft:time_since_rest":2255,"minecraft:crouch_one_cm":50,"minecraft:leave_game":2,"minecraft:play_time":2255,"minecraft:sprint_one_cm":2980,"minecraft:time_since_death":2255,"minecraft:walk_one_cm":2811,"minecraft:sneak_time":56,"minecraft:total_world_time":2255,"minecraft:fly_one_cm":18062}},"DataVersion":3463}