{"stats":{"minecraft:used":{"minecraft:bedrock":3,"minecraft:netherite_sword":46,"minecraft:ender_eye":13,"minecraft:deepslate_diamond_ore":1,"minecraft:bow":17,"minecraft:potion":3,"minecraft:warped_fungus":1,"minecraft:flint_and_steel":2,"minecraft:grass_block":23,"minecraft:chorus_fruit":10,"minecraft:piglin_spawn_egg":1,"minecraft:netherite_pickaxe":1,"minecraft:crossbow":8,"minecraft:iron_golem_spawn_egg":1,"minecraft:white_bed":19,"minecraft:end_portal_frame":18,"minecraft:obsidian":39},"minecraft:picked_up":{"minecraft:end_stone":1,"minecraft:rotten_flesh":1,"minecraft:diamond":1,"minecraft:crimson_roots":1},"minecraft:custom":{"minecraft:time_since_rest":91804,"minecraft:open_chest":1,"minecraft:crouch_one_cm":75,"minecraft:play_time":91804,"minecraft:sprint_one_cm":20225,"minecraft:damage_taken":10,"minecraft:walk_one_cm":21900,"minecraft:sneak_time":727,"minecraft:walk_under_water_one_cm":2166,"minecraft:mob_kills":1,"minecraft:drop":23,"minecraft:jump":76,"minecraft:damage_dealt":490,"minecraft:leave_game":6,"minecraft:time_since_death":90739,"minecraft:total_world_time":91804,"minecraft:talked_to_villager":2,"minecraft:fall_one_cm":335,"minecraft:fly_one_cm":142156},"minecraft:killed":{"minecraft:enderman":1},"minecraft:mined":{"minecraft:deepslate_diamond_ore":1},"minecraft:dropped":{"minecraft:rotten_flesh":1,"minecraft:gold_ingot":64}},"DataVersion":3463}