{"stats":{"minecraft:custom":{"minecraft:time_since_rest":47200,"minecraft:open_chest":1,"minecraft:crouch_one_cm":74,"minecraft:play_time":47200,"minecraft:sprint_one_cm":12249,"minecraft:damage_taken":10,"minecraft:walk_one_cm":15349,"minecraft:sneak_time":709,"minecraft:walk_under_water_one_cm":2166,"minecraft:mob_kills":1,"minecraft:drop":23,"minecraft:jump":49,"minecraft:damage_dealt":480,"minecraft:leave_game":5,"minecraft:time_since_death":46135,"minecraft:total_world_time":47200,"minecraft:fall_one_cm":335,"minecraft:fly_one_cm":135592},"minecraft:dropped":{"minecraft:rotten_flesh":1,"minecraft:gold_ingot":64},"minecraft:picked_up":{"minecraft:end_stone":1,"minecraft:rotten_flesh":1,"minecraft:diamond":1,"minecraft:crimson_roots":1},"minecraft:mined":{"minecraft:deepslate_diamond_ore":1},"minecraft:killed":{"minecraft:enderman":1},"minecraft:used":{"minecraft:bedrock":3,"minecraft:netherite_sword":46,"minecraft:deepslate_diamond_ore":1,"minecraft:ender_eye":13,"minecraft:bow":17,"minecraft:potion":3,"minecraft:warped_fungus":1,"minecraft:flint_and_steel":2,"minecraft:grass_block":23,"minecraft:chorus_fruit":10,"minecraft:crossbow":8,"minecraft:netherite_pickaxe":1,"minecraft:piglin_spawn_egg":1,"minecraft:iron_golem_spawn_egg":1,"minecraft:white_bed":19,"minecraft:end_portal_frame":18,"minecraft:obsidian":39}},"DataVersion":3463}