{"stats":{"minecraft:custom":{"minecraft:jump":13,"minecraft:time_since_rest":2547,"minecraft:leave_game":1,"minecraft:crouch_one_cm":50,"minecraft:sprint_one_cm":2063,"minecraft:play_time":2547,"minecraft:time_since_death":2547,"minecraft:walk_one_cm":4028,"minecraft:sneak_time":110,"minecraft:total_world_time":4975,"minecraft:fly_one_cm":109451},"minecraft:used":{"minecraft:ender_eye":12,"minecraft:end_portal_frame":14,"minecraft:flint_and_steel":2,"minecraft:obsidian":42}},"DataVersion":3463}