{"stats":{"minecraft:picked_up":{"minecraft:porkchop":3},"minecraft:used":{"minecraft:netherite_boots":1,"minecraft:netherite_sword":8,"minecraft:firework_rocket":115,"minecraft:sand":14,"minecraft:netherite_leggings":1,"minecraft:grass_block":75,"minecraft:netherite_chestplate":1,"minecraft:elytra":1,"minecraft:netherite_helmet":1},"minecraft:killed":{"minecraft:pig":2,"minecraft:cow":2},"minecraft:custom":{"minecraft:time_since_rest":10964,"minecraft:play_time":10964,"minecraft:sprint_one_cm":12714,"minecraft:walk_one_cm":14733,"minecraft:damage_taken":80,"minecraft:sneak_time":61,"minecraft:walk_under_water_one_cm":1858,"minecraft:mob_kills":4,"minecraft:drop":3,"minecraft:aviate_one_cm":216670,"minecraft:jump":99,"minecraft:damage_dealt":400,"minecraft:leave_game":2,"minecraft:walk_on_water_one_cm":547,"minecraft:time_since_death":10964,"minecraft:total_world_time":10964,"minecraft:fall_one_cm":1081,"minecraft:fly_one_cm":62527},"minecraft:dropped":{"minecraft:porkchop":3}},"DataVersion":3953}