{"stats":{"minecraft:mined":{"minecraft:deepslate_diamond_ore":1},"minecraft:dropped":{"minecraft:gold_ingot":64},"minecraft:custom":{"minecraft:time_since_rest":20447,"minecraft:open_chest":1,"minecraft:crouch_one_cm":74,"minecraft:play_time":20447,"minecraft:sprint_one_cm":6474,"minecraft:damage_taken":10,"minecraft:walk_one_cm":12687,"minecraft:sneak_time":709,"minecraft:mob_kills":1,"minecraft:walk_under_water_one_cm":2166,"minecraft:drop":22,"minecraft:jump":41,"minecraft:damage_dealt":480,"minecraft:leave_game":2,"minecraft:time_since_death":19382,"minecraft:total_world_time":20447,"minecraft:fall_one_cm":335,"minecraft:fly_one_cm":134389},"minecraft:picked_up":{"minecraft:end_stone":1,"minecraft:diamond":1,"minecraft:crimson_roots":1},"minecraft:killed":{"minecraft:enderman":1},"minecraft:used":{"minecraft:bedrock":3,"minecraft:ender_eye":13,"minecraft:netherite_sword":46,"minecraft:deepslate_diamond_ore":1,"minecraft:bow":17,"minecraft:potion":3,"minecraft:warped_fungus":1,"minecraft:flint_and_steel":2,"minecraft:grass_block":23,"minecraft:chorus_fruit":10,"minecraft:white_bed":19,"minecraft:netherite_pickaxe":1,"minecraft:piglin_spawn_egg":1,"minecraft:crossbow":8,"minecraft:end_portal_frame":18,"minecraft:iron_golem_spawn_egg":1,"minecraft:obsidian":39}},"DataVersion":3463}