{"stats":{"minecraft:dropped":{"minecraft:porkchop":3},"minecraft:used":{"minecraft:netherite_boots":1,"minecraft:netherite_sword":8,"minecraft:sand":14,"minecraft:netherite_leggings":1,"minecraft:grass_block":75,"minecraft:netherite_chestplate":1,"minecraft:netherite_helmet":1},"minecraft:picked_up":{"minecraft:porkchop":3},"minecraft:custom":{"minecraft:time_since_rest":6132,"minecraft:play_time":6132,"minecraft:sprint_one_cm":8998,"minecraft:walk_one_cm":6917,"minecraft:damage_taken":80,"minecraft:sneak_time":47,"minecraft:mob_kills":4,"minecraft:drop":3,"minecraft:jump":65,"minecraft:damage_dealt":400,"minecraft:leave_game":2,"minecraft:time_since_death":6132,"minecraft:total_world_time":6132,"minecraft:fall_one_cm":1081,"minecraft:fly_one_cm":37479},"minecraft:killed":{"minecraft:pig":2,"minecraft:cow":2}},"DataVersion":3953}