{"stats":{"minecraft:picked_up":{"minecraft:porkchop":3},"minecraft:used":{"minecraft:netherite_boots":1,"minecraft:netherite_sword":8,"minecraft:firework_rocket":286,"minecraft:sand":14,"minecraft:netherite_leggings":1,"minecraft:grass_block":75,"minecraft:netherite_chestplate":1,"minecraft:elytra":1,"minecraft:netherite_helmet":1},"minecraft:killed":{"minecraft:pig":2,"minecraft:cow":2},"minecraft:custom":{"minecraft:time_since_rest":17182,"minecraft:play_time":17182,"minecraft:sprint_one_cm":24432,"minecraft:walk_one_cm":23789,"minecraft:damage_taken":80,"minecraft:sneak_time":61,"minecraft:walk_under_water_one_cm":1858,"minecraft:mob_kills":4,"minecraft:drop":3,"minecraft:aviate_one_cm":544300,"minecraft:jump":156,"minecraft:damage_dealt":460,"minecraft:leave_game":3,"minecraft:walk_on_water_one_cm":547,"minecraft:time_since_death":17182,"minecraft:total_world_time":17182,"minecraft:fall_one_cm":1081,"minecraft:fly_one_cm":113127},"minecraft:dropped":{"minecraft:porkchop":3}},"DataVersion":3953}