{"stats":{"minecraft:killed_by":{"minecraft:warden":1,"minecraft:player":3},"minecraft:picked_up":{"minecraft:end_stone_bricks":2,"minecraft:netherite_boots":4,"minecraft:crafting_table":2,"minecraft:water_bucket":3,"minecraft:brown_wool":4,"minecraft:leather":1,"minecraft:potato":1,"minecraft:potion":1,"minecraft:tuff":27,"minecraft:oak_log":108,"minecraft:yellow_bed":1,"minecraft:shield":3,"minecraft:netherite_leggings":4,"minecraft:string":12,"minecraft:elytra":2,"minecraft:iron_axe":3,"minecraft:netherite_scrap":3,"minecraft:bone":8,"minecraft:bow":3,"minecraft:wheat_seeds":6,"minecraft:cobbled_deepslate":475,"minecraft:netherite_sword":4,"minecraft:raw_gold":12,"minecraft:iron_ingot":40,"minecraft:beef":8,"minecraft:oak_boat":2,"minecraft:netherite_axe":4,"minecraft:wooden_shovel":5,"minecraft:enchanted_golden_apple":166,"minecraft:oak_planks":589,"minecraft:furnace":2,"minecraft:stick":14,"minecraft:raw_iron":91,"minecraft:end_stone":73,"minecraft:torch":171,"minecraft:acacia_log":25,"minecraft:netherite_shovel":3,"minecraft:porkchop":4,"minecraft:redstone":88,"minecraft:carrot":2,"minecraft:netherite_pickaxe":4,"minecraft:spider_eye":4,"minecraft:arrow":326,"minecraft:rotten_flesh":52,"minecraft:netherite_helmet":3,"minecraft:granite":5,"minecraft:chorus_fruit":18,"minecraft:golden_horse_armor":1,"minecraft:netherite_hoe":4,"minecraft:netherite_chestplate":5,"minecraft:oak_sapling":3,"minecraft:mutton":15,"minecraft:black_wool":1,"minecraft:coal":16,"minecraft:white_wool":3,"minecraft:cobblestone":218,"minecraft:ender_pearl":8},"minecraft:used":{"minecraft:water_bucket":10,"minecraft:netherite_sword":131,"minecraft:chorus_fruit":1,"minecraft:oak_planks":27,"minecraft:ender_pearl":9,"minecraft:shield":26,"minecraft:torch":32,"minecraft:netherite_leggings":1,"minecraft:red_bed":75,"minecraft:crafting_table":4,"minecraft:white_bed":1,"minecraft:end_stone":2,"minecraft:iron_axe":65,"minecraft:netherite_axe":25,"minecraft:netherite_boots":1,"minecraft:bow":42,"minecraft:furnace":2,"minecraft:bucket":8,"minecraft:netherite_pickaxe":347,"minecraft:oak_boat":2,"minecraft:enchanted_golden_apple":16},"minecraft:custom":{"minecraft:interact_with_smithing_table":1,"minecraft:interact_with_furnace":7,"minecraft:mob_kills":31,"minecraft:interact_with_crafting_table":5,"minecraft:climb_one_cm":3983,"minecraft:leave_game":2,"minecraft:time_since_death":10047,"minecraft:sleep_in_bed":2,"minecraft:damage_resisted":691,"minecraft:time_since_rest":10074,"minecraft:sprint_one_cm":174954,"minecraft:damage_taken":3384,"minecraft:walk_one_cm":222189,"minecraft:damage_absorbed":1240,"minecraft:damage_blocked_by_shield":1080,"minecraft:drop":110,"minecraft:damage_dealt":7215,"minecraft:play_noteblock":1,"minecraft:swim_one_cm":32232,"minecraft:fly_one_cm":379174,"minecraft:open_chest":7,"minecraft:crouch_one_cm":1315,"minecraft:play_time":87139,"minecraft:deaths":7,"minecraft:sneak_time":638,"minecraft:walk_under_water_one_cm":1684,"minecraft:boat_one_cm":123210,"minecraft:aviate_one_cm":555,"minecraft:jump":1296,"minecraft:interact_with_brewingstand":1,"minecraft:walk_on_water_one_cm":4294,"minecraft:total_world_time":87139,"minecraft:fall_one_cm":67267},"minecraft:crafted":{"minecraft:oak_planks":230,"minecraft:wooden_shovel":1,"minecraft:crafting_table":3,"minecraft:furnace":1,"minecraft:oak_boat":1,"minecraft:bow":1,"minecraft:shield":1,"minecraft:stick":8,"minecraft:iron_ingot":11,"minecraft:white_bed":1},"minecraft:mined":{"minecraft:deepslate_redstone_ore":5,"minecraft:tuff":9,"minecraft:acacia_leaves":1,"minecraft:end_stone":24,"minecraft:crafting_table":1,"minecraft:granite":4,"minecraft:acacia_log":5,"minecraft:tall_grass":1,"minecraft:deepslate_gold_ore":2,"minecraft:oak_planks":10,"minecraft:furnace":1,"minecraft:carrots":2,"minecraft:iron_ore":22,"minecraft:wheat":4,"minecraft:fire":7,"minecraft:creeper_head":1,"minecraft:deepslate_lapis_ore":8,"minecraft:yellow_bed":1,"minecraft:grass":8,"minecraft:pointed_dripstone":2,"minecraft:coal_ore":9,"minecraft:potatoes":4,"minecraft:oak_log":79,"minecraft:deepslate_iron_ore":9,"minecraft:dripstone_block":1,"minecraft:dirt":1,"minecraft:end_stone_bricks":2,"minecraft:stone":62,"minecraft:deepslate":180,"minecraft:gold_ore":6,"minecraft:oak_leaves":4},"minecraft:dropped":{"minecraft:netherite_hoe":1,"minecraft:wheat_seeds":6,"minecraft:cobbled_deepslate":64,"minecraft:golden_horse_armor":2,"minecraft:tuff":9,"minecraft:netherite_chestplate":1,"minecraft:cobblestone":42,"minecraft:rotten_flesh":22,"minecraft:oak_planks":64,"minecraft:acacia_log":10,"minecraft:carrot":2,"minecraft:golden_apple":64,"minecraft:netherite_leggings":1,"minecraft:stick":9,"minecraft:potato":1,"minecraft:netherite_scrap":1,"minecraft:brown_wool":1,"minecraft:oak_sapling":2,"minecraft:yellow_bed":1,"minecraft:netherite_boots":1,"minecraft:wooden_shovel":3,"minecraft:spider_eye":2,"minecraft:beef":2,"minecraft:iron_axe":1,"minecraft:end_stone_bricks":2,"minecraft:bow":1,"minecraft:bone":2,"minecraft:string":3,"minecraft:redstone":44},"minecraft:killed":{"minecraft:pig":1,"minecraft:spider":2,"minecraft:shulker":3,"minecraft:sheep":5,"minecraft:skeleton":1,"minecraft:zombie":11,"minecraft:enderman":7,"minecraft:cow":1}},"DataVersion":3463}