{"stats":{"minecraft:custom":{"minecraft:time_since_rest":1919,"minecraft:interact_with_smithing_table":1,"minecraft:walk_one_cm":15308,"minecraft:crouch_one_cm":270,"minecraft:play_time":4992,"minecraft:sprint_one_cm":15774,"minecraft:damage_taken":441,"minecraft:deaths":1,"minecraft:sneak_time":67,"minecraft:drop":6,"minecraft:jump":111,"minecraft:damage_dealt":10,"minecraft:leave_game":1,"minecraft:walk_on_water_one_cm":210,"minecraft:time_since_death":1875,"minecraft:total_world_time":4992,"minecraft:fall_one_cm":3692,"minecraft:fly_one_cm":21015},"minecraft:picked_up":{"minecraft:wheat_seeds":3,"minecraft:potato":1,"minecraft:carrot":2},"minecraft:killed_by":{"minecraft:player":1},"minecraft:mined":{"minecraft:potatoes":4,"minecraft:carrots":2,"minecraft:wheat":4},"minecraft:dropped":{"minecraft:potato":1,"minecraft:wheat_seeds":3,"minecraft:carrot":2}},"DataVersion":3463}