{
  "minecraft:recipes/decorations/crafting_table": {
    "criteria": {
      "unlock_right_away": "2024-07-16 00:48:39 +0000"
    },
    "done": true
  },
  "minecraft:adventure/adventuring_time": {
    "criteria": {
      "minecraft:old_growth_birch_forest": "2024-07-16 00:48:39 +0000",
      "minecraft:river": "2024-07-16 01:19:34 +0000",
      "minecraft:savanna": "2024-07-16 14:04:49 +0000",
      "minecraft:plains": "2024-07-16 01:19:40 +0000"
    },
    "done": false
  },
  "DataVersion": 3953
}