{
  "minecraft:recipes/decorations/crafting_table": {
    "criteria": {
      "unlock_right_away": "2024-07-18 17:02:53 +0000"
    },
    "done": true
  },
  "minecraft:adventure/adventuring_time": {
    "criteria": {
      "minecraft:frozen_river": "2024-07-18 17:33:26 +0000",
      "minecraft:ice_spikes": "2024-07-18 17:02:53 +0000",
      "minecraft:frozen_ocean": "2024-07-18 17:21:50 +0000",
      "minecraft:snowy_beach": "2024-07-18 17:33:25 +0000"
    },
    "done": false
  },
  "DataVersion": 3463
}